Entity,Annual CO₂ emissions (per capita),Population,Continent,Total CO2
Afghanistan,0.29340136,37856126,Asia,11107038.85273136
Albania,1.6795896,2885012,Europe,4845636.1510752
Algeria,4.18161,43294550,Africa,181040923.2255
Andorra,6.3337045,76491,Europe,484471.39090949995
Angola,0.59412795,32375632,Africa,19235267.870114397
Anguilla,9.511942,14845,North America,141204.77899
Antigua and Barbuda,6.9599576,91377,North America,635980.0456152
Argentina,3.9894862,44973468,South America,179421029.9521416
Armenia,2.2279305,2903975,Asia,6469854.4737375
Aruba,8.363411,107089,North America,895629.3205789999
Australia,16.398174,25482714,Oceania,417869978.164236
Austria,7.6527734,8880875,Europe,67963323.968725
Azerbaijan,3.6879485,10110486,Asia,37286951.677971
Bahamas,6.0679793,394684,North America,2394934.3420412
Bahrain,25.152763,1485675,Asia,37368831.170025
Bangladesh,0.60895467,164913060,Asia,100424578.0309902
Barbados,5.948457,281216,North America,1672801.2837120001
Belarus,6.4189095,9435414,Europe,60565068.561032996
Belgium,8.641646,11490622,Europe,99297887.643812
Belize,1.8173902,385833,North America,701209.1130365999
Benin,0.5789981,12726761,Africa,7368770.4381540995
Bermuda,9.298764,64130,North America,596329.73532
Bhutan,1.9005703,764829,Asia,1453611.2819787
Bolivia,1.9193769,11671386,South America,22401788.6793834
Bonaire Sint Eustatius and Saba,4.2942533,25652,North America,110156.18565160001
Bosnia and Herzegovina,6.1922417,3345534,Europe,20716355.1435678
Botswana,2.7131457,2332081,Africa,6327275.5372017
Brazil,2.2356122,207455459,South America,463789955.09699976
British Virgin Islands,5.382782,36423,North America,196057.068786
Brunei,24.500765,442687,Asia,10846170.155555
Bulgaria,5.9883013,6975467,Europe,41771198.1042071
Burkina Faso,0.26286796,20961954,Africa,5510226.08559384
Burundi,0.058007695,12255339,Africa,710903.966833605
Cambodia,1.1241276,16481304,Asia,18527088.7103904
Cameroon,0.37203085,25506096,Africa,9489054.5750616
Canada,15.41972,37782931,North America,582602216.79932
Cape Verde,0.97150093,514116,Africa,499464.17212788004
Central African Republic,0.04360792,4944707,Africa,215628.38727944
Chad,0.14281341,16685223,Africa,2382873.59324043
Chile,4.8308606,19197747,South America,92741639.59106821
China,7.5401316,1423520354,Asia,10733530804.438585
Colombia,1.8829013,49907987,South America,93971813.60268311
Comoros,0.39373294,786583,Africa,309703.63714402
Congo,1.3086569,5616656,Africa,7350275.629326399
Cook Islands,4.918695,16151,Oceania,79441.842945
Costa Rica,1.5140803,4999551,North America,7569721.6779453
Cote d'Ivoire,0.402909,28193014,Africa,11359219.077726
Croatia,4.3240995,3986338,Europe,17237322.152631
Cuba,1.9987116,11202847,North America,22391260.2519252
Curacao,11.611328,189556,North America,2200996.890368
Cyprus,5.9750137,1286669,Asia,7687864.9023653
Czechia,9.588486,10554871,Europe,101205232.815306
Democratic Republic of Congo,0.039954364,92947450,Africa,3713656.2501718
Denmark,5.34005,5814619,Europe,31050356.19095
Djibouti,0.4177071,1088708,Africa,454761.0614268
Dominica,2.4103239,67901,North America,163663.4031339
Dominican Republic,2.607516,10894043,North America,28406391.427187998
East Timor,0.5274983,1300943,Asia,686245.2208968999
Ecuador,2.310065,17340017,South America,40056566.371105
Egypt,2.4251409,107553159,Africa,260831564.8151031
El Salvador,1.202131,6222316,North America,7480038.955396
Equatorial Guinea,2.9863906,1670184,Africa,4987821.7978704
Eritrea,0.18523079,3240195,Africa,600183.8796040501
Estonia,9.286828,1326821,Europe,12321958.413788
Eswatini,0.95858824,1179885,Africa,1131023.8855524
Ethiopia,0.1461173,115737385,Africa,16911234.2052605
Faroe Islands,14.313607,51868,Europe,742418.1678759999
Fiji,1.5330331,914904,Oceania,1402578.1153224
Finland,7.6887984,5521755,Europe,42455661.009192
France,4.898306,65729460,Europe,321963008.29476
French Polynesia,2.921616,279039,Oceania,815244.8070240001
Gabon,2.4193206,2267710,Africa,5486317.517825999
Gambia,0.28331983,2456847,Africa,696073.47437601
Georgia,2.8870666,3796721,Asia,10961386.3886186
Germany,8.508805,83559185,Europe,710988811.1239251
Ghana,0.5208505,31258942,Africa,16281235.570171
Greece,6.2189636,10718580,Europe,66658458.86368801
Greenland,9.926084,56108,North America,556932.721072
Grenada,2.6867204,115995,North America,311646.132798
Guatemala,1.1400281,17103802,North America,19498814.896836203
Guinea,0.3044799,13034349,Africa,3968697.2800851003
Guinea-Bissau,0.16363285,1967704,Africa,321981.0134764
Guyana,3.4500709,807667,South America,2786508.4135903
Haiti,0.27700275,11105164,North America,3076160.967201
Honduras,1.126517,9943637,North America,11201676.122329
Hong Kong,5.589584,7485816,Asia,41842597.340544
Hungary,5.046203,9770346,Europe,49303149.296238005
Iceland,9.863829,360709,Europe,3557971.8947610003
India,1.8891369,1389030303,Asia,2624068400.615481
Indonesia,2.4144928,272489379,Asia,657923643.6719712
Iran,8.02487,87051647,Asia,698578150.46089
Iraq,4.5618486,41192172,Asia,187912452.1691592
Ireland,7.623691,4933491,Europe,37611410.935281
Israel,6.8145585,8657466,Asia,58996808.518761
Italy,5.699218,60130136,Europe,342694753.433648
Jamaica,2.7803972,2823275,North America,7849825.904829999
Japan,8.780706,126699422,Asia,1112510374.951932
Jordan,2.31137,10671892,Asia,24666691.01204
Kazakhstan,14.678785,19209556,Asia,281972942.46946
Kenya,0.38858923,51202829,Africa,19896867.89493167
Kiribati,0.53079224,123928,Oceania,65780.02071872
Kosovo,4.973549,1755048,Europe,8728817.225352
Kuwait,24.519451,4442202,Asia,108920354.271102
Kyrgyzstan,1.4305534,6494036,Asia,9290065.2795224
Laos,2.7085655,7237634,Asia,19603605.754027
Latvia,3.9918807,1914267,Europe,7641525.491946899
Lebanon,4.4382133,5794600,Asia,25717670.78818
Lesotho,1.073333,2209414,Africa,2371436.9568620003
Liberia,0.2045213,5043720,Africa,1031548.1712359999
Libya,10.736264,6951038,Africa,74628179.042032
Liechtenstein,3.8707013,38462,Europe,148874.9134006
Lithuania,4.800764,2795057,Europe,13418409.023548
Luxembourg,15.757939,620166,Europe,9772537.997874001
Macao,1.8274176,670983,Asia,1226166.1435008
Madagascar,0.15459047,28219558,Africa,4362474.73441226
Malawi,0.08673756,19025748,Africa,1650246.9586948801
Malaysia,8.154313,33440588,Asia,272685021.456044
Maldives,3.870847,487737,Asia,1887955.303239
Mali,0.28358406,21068406,Africa,5974664.111208361
Malta,3.2736566,504017,Europe,1649978.5785621998
Marshall Islands,3.2750838,44029,Oceania,144198.6646302
Mauritania,0.8608683,4467714,Africa,3846113.3560662
Mauritius,3.4879518,1286269,Africa,4486444.2738342
Mexico,3.744022,125762977,North America,470859352.67349404
Micronesia (country),1.3157139,110294,Oceania,145115.3488866
Moldova,1.7671684,3112563,Europe,5500422.9766092
Mongolia,14.618863,3232119,Asia,47249904.860697
Montenegro,3.9290168,611673,Europe,2403273.4931064
Montserrat,4.8551235,4564,North America,22158.783654000003
Morocco,1.8935199,36210907,Africa,68566073.0015493
Mozambique,0.23447111,29884376,Africa,7007022.812377361
Myanmar,0.6338007,52640718,Asia,33363723.916902598
Namibia,1.6802846,2650500,Africa,4453594.3323
Nauru,4.521224,11609,Oceania,52486.889416
Nepal,0.47081903,28414066,Asia,13377882.99247598
Netherlands,8.783454,17537506,Europe,154039877.225724
New Caledonia,19.87871,283617,Oceania,5637940.094070001
New Zealand,7.4367194,4989412,Oceania,37104857.0149928
Nicaragua,0.78370583,6483660,North America,5081282.1417378
Niger,0.10720992,22947765,Africa,2460228.0498288
Nigeria,0.6263395,209485636,Africa,131209128.509422
Niue,3.7714875,1814,Oceania,6841.478325
North Korea,2.048663,26037633,Asia,53342335.334679
North Macedonia,3.616904,1897643,Europe,6863592.557272
Norway,8.001257,5347735,Europe,42788602.10289501
Oman,12.866547,4591247,Asia,59073495.314109005
Pakistan,0.9228277,230800909,Asia,212989472.0103793
Palau,12.254864,17820,Oceania,218381.67648
Palestine,0.6650818,4957774,Asia,3297325.2559132
Panama,3.1614068,4234699,North America,13387606.2145532
Papua New Guinea,0.8191921,9609014,Oceania,7871628.357589399
Paraguay,1.2460468,6515060,South America,8118069.664808
Peru,1.7780743,32449301,South America,57697268.161064304
Philippines,1.3060241,110804685,Asia,144713589.0029085
Poland,8.252866,38225884,Europe,315473098.38354397
Portugal,4.6155887,10343218,Europe,47740040.1224366
Qatar,35.985134,2797927,Asia,100683778.01721801
Romania,3.9379425,19501543,Europe,76795954.99527751
Russia,11.698944,146533063,Asia,1714282098.1854718
Rwanda,0.10695215,12776104,Africa,1366431.7914236
Saint Helena,2.6793418,5485,Africa,14696.189773
Saint Kitts and Nevis,5.2957954,46974,North America,248764.6931196
Saint Lucia,2.8106656,177674,North America,499382.1998144
Saint Pierre and Miquelon,11.080646,5899,North America,65364.730754
Saint Vincent and the Grenadines,2.1647418,104182,North America,225527.13020759998
Samoa,1.2794564,209793,Oceania,268420.99652519997
Sao Tome and Principe,0.6658341,213404,Africa,142091.66027639998
Saudi Arabia,19.737017,30472810,Asia,601442369.0077701
Senegal,0.7945249,16352926,Africa,12992806.8948574
Serbia,5.982725,6966154,Europe,41676583.68965
Seychelles,5.68628,117662,Africa,669059.07736
Sierra Leone,0.124761686,7731995,Africa,964656.73234357
Singapore,5.7579384,5669562,Asia,32644988.7509808
Sint Maarten (Dutch part),16.018604,40410,North America,647311.78764
Slovakia,6.1934304,5450626,Europe,33758072.767430395
Slovenia,6.6446157,2083436,Europe,13843631.5555452
Solomon Islands,0.43425184,728156,Oceania,316203.08280704
Somalia,0.039892595,16030969,Africa,639516.953774555
South Africa,8.012615,59587880,Africa,477454741.10620004
South Korea,12.472093,51767843,Asia,645653352.305399
South Sudan,0.17044018,10423382,Africa,1776563.1042887599
Spain,5.318343,47435120,Europe,252276238.40615997
Sri Lanka,0.98071545,22410552,Asia,21978374.589428402
Sudan,0.50361913,45548178,Africa,22938933.77744514
Suriname,4.390763,605780,South America,2659836.41014
Sweden,3.9936066,10279122,Europe,41050769.4614052
Switzerland,4.2827263,8577526,Europe,36735196.1891338
Syria,1.4268457,20353536,Asia,29041355.321395203
Taiwan,11.521448,23674137,Asia,272760338.390376
Tajikistan,0.94856703,9529971,Asia,9039816.28745613
Tanzania,0.22954242,59174889,Africa,13583147.22429138
Thailand,3.95287,71522265,Asia,282718215.65055
Togo,0.29297218,8463068,Africa,2479443.48144824
Tonga,1.5359025,105688,Oceania,162326.46342
Trinidad and Tobago,26.83153,1484898,North America,39842085.23394
Tunisia,2.519102,11875085,Africa,29914550.37367
Turkey,4.8237195,85357671,Asia,411741462.0772845
Turkmenistan,10.607364,6803942,Asia,72171889.42888801
Turks and Caicos Islands,8.415367,43190,North America,363459.70073
Tuvalu,1.0008194,10603,Oceania,10611.688098199998
Uganda,0.13345863,42999636,Africa,5738672.51105868
Ukraine,5.020078,44957450,Europe,225689905.68109998
United Arab Emirates,23.834637,9377855,Asia,223517769.763635
United Kingdom,5.4621234,67110958,Europe,366568334.0882172
United States,15.739861,337790068,North America,5316768717.500547
Uruguay,1.8929877,3397205,South America,6430867.2793785
Uzbekistan,3.2880268,32964702,Asia,108388823.6300136
Vanuatu,0.5416308,291994,Oceania,158152.94381519998
Venezuela,3.024043,28938095,South America,87510043.618085
Vietnam,3.5686002,97173778,Asia,346774363.6055556
Wallis and Futuna,2.1855986,11711,Oceania,25595.5452046
Yemen,0.37522772,35111417,Asia,13174776.94687924
Zambia,0.421688,18513841,Africa,7807064.583608001
Zimbabwe,0.63664466,15271377,Africa,9722440.61789682
